名前,年齢,メールアドレス,電話番号,住所,登録日時
Mark Adams,44,markadams@example.com,555-7147,852 Pine St,2023-06-14 23:10:55
Emily Martin,25,emilymartin@example.com,555-5183,147 Elm St,2023-06-15 00:25:30
Alexander Lewis,33,alexanderlewis@example.com,555-2853,741 Maple St,2023-06-15 01:40:20
Jennifer Ward,39,jenniferward@example.com,555-8548,258 Cedar St,2023-06-15 02:55:45
Matthew Foster,34,matthewfoster@example.com,555-3813,963 Birch St,2023-06-15 04:10:10
Elizabeth Bennett,42,elizabethbennett@example.com,555-7412,852 Oak St,2023-06-15 05:25:35
David Moore,29,davidmoore@example.com,555-1476,147 Pine St,2023-06-15 06:40:25
Anna Mitchell,36,annamitchell@example.com,555-5187,741 Elm St,2023-06-15 07:55:15
James Simmons,40,jamessimmons@example.com,555-8543,258 Maple St,2023-06-15 09:10:50
Amanda Young,26,amandayoung@example.com,555-3819,963 Cedar St,2023-06-15 10:25:30
Jason Davis,32,jasondavis@example.com,555-7413,852 Birch St,2023-06-15 11:40:45
Ashley Turner,30,ashleyturner@example.com,555-2855,147 Oak St,2023-06-15 12:55:35
Joshua Hill,38,joshuahill@example.com,555-5189,741 Pine St,2023-06-15 14:10:20
Brittany Nelson,45,brittanynelson@example.com,555-8544,258 Elm St,2023-06-15 15:25:05
Ryan Wright,23,ryanwright@example.com,555-3818,963 Maple St,2023-06-15 16:40:30
Megan Adams,31,meganadams@example.com,555-7411,852 Cedar St,2023-06-15 17:55:45
Robert Rivera,27,robertrivera@example.com,555-1475,147 Birch St,2023-06-15 19:10:20
Jessica Cook,44,jessicacook@example.com,555-5185,741 Oak St,2023-06-15 20:25:35
Michael Evans,25,michaelevans@example.com,555-8546,258 Pine St,2023-06-15 21:40:50
Sarah Thompson,33,sarahthompson@example.com,555-3817,963 Cedar St,2023-06-15 22:55:25
Matthew Martinez,39,matthewmartinez@example.com,555-7419,852 Birch St,2023-06-16 00:10:10
Stephanie Robinson,35,stephanierobinson@example.com,555-2856,147 Oak St,2023-06-16 01:25:45
David Walker,41,davidwalker@example.com,555-5181,741 Pine St,2023-06-16 02:40:30
Amy Simmons,24,amysimmons@example.com,555-8549,258 Elm St,2023-06-16 03:55:15
William Foster,29,williamfoster@example.com,555-3811,963 Maple St,2023-06-16 05:10:40
Laura Wood,37,laurawood@example.com,555-7417,852 Cedar St,2023-06-16 06:25:35
Christopher Green,42,christophergreen@example.com,555-1479,147 Birch St,2023-06-16 07:40:20
Jennifer Turner,28,jenniferturner@example.com,555-5188,741 Oak St,2023-06-16 08:55:05
John Scott,36,johnscott@example.com,555-8545,258 Pine St,2023-06-16 10:10:30
Amanda Harris,40,amandaharris@example.com,555-3816,963 Cedar St,2023-06-16 11:25:45
Joshua Reed,26,joshuareed@example.com,555-7410,852 Birch St,2023-06-16 12:40:35
Melissa Martinez,32,melissamartinez@example.com,555-2859,147 Oak St,2023-06-16 13:55:20
Melanie Hernandez,34,melaniehernandez@example.com,555-7913,913 Cedar St,2023-06-20 13:40:00
Timothy Ross,42,timothyross@example.com,555-5193,193 Elm St,2023-06-21 10:50:00
Ashley Martinez,22,ashleymartinez@example.com,555-3791,791 Oak St,2023-06-22 15:05:00
Kyle Wright,30,kylewright@example.com,555-9317,317 Pine St,2023-06-23 12:15:00
Melissa Turner,28,melissaturner@example.com,555-1519,519 Maple St,2023-06-24 09:20:00
Daniel Clark,35,danielclark@example.com,555-3915,915 Birch St,2023-06-25 14:45:00
Natalie Adams,26,natalieadams@example.com,555-9135,135 Oak St,2023-06-26 11:35:00
Eric White,43,ericwhite@example.com,555-5191,191 Pine St,2023-06-27 16:50:00
Stephanie Turner,33,stephanieturner@example.com,555-1359,359 Elm St,2023-06-28 13:55:00
Justin Baker,39,justinbaker@example.com,555-9113,113 Cedar St,2023-06-29 10:05:00
Amber Cooper,27,ambercooper@example.com,555-3951,951 Oak St,2023-06-30 15:20:00
Samantha Hill,29,samanthahill@example.com,555-6543,543 Maple St,2023-07-01 09:30:00
Mark Collins,38,markcollins@example.com,555-7890,890 Birch St,2023-07-02 14:45:00
Jennifer Butler,26,jenniferbutler@example.com,555-0987,987 Oak St,2023-07-03 11:15:00
Brandon Garcia,33,brandongarcia@example.com,555-5678,678 Pine St,2023-07-04 13:20:00
Alexis Moore,31,alexismoore@example.com,555-8765,765 Cedar St,2023-07-05 08:10:00
Matthew Stewart,42,matthewstewart@example.com,555-2468,468 Elm St,2023-07-06 11:55:00
Ashley Reed,35,ashleyreed@example.com,555-1357,357 Oak St,2023-07-07 14:30:00
Joshua Nelson,24,joshuanelson@example.com,555-8642,642 Pine St,2023-07-08 17:25:00
Emily Ramirez,36,emilyramirez@example.com,555-7694,694 Cedar St,2023-07-09 12:45:00
David Simmons,30,davidsimmons@example.com,555-4937,937 Elm St,2023-07-10 09:50:00
